{"targets":["water","translucent","itemEntity","particles","clouds","weather","final","CRT","8-bit","pass","swap"],"passes":[{"name":"transparency","intarget":"minecraft:main","outtarget":"final","auxtargets":[{"name":"DiffuseDepthSampler","id":"minecraft:main:depth"},{"name":"TranslucentSampler","id":"translucent"},{"name":"TranslucentDepthSampler","id":"translucent:depth"},{"name":"ItemEntitySampler","id":"itemEntity"},{"name":"ItemEntityDepthSampler","id":"itemEntity:depth"},{"name":"ParticlesSampler","id":"particles"},{"name":"ParticlesDepthSampler","id":"particles:depth"},{"name":"CloudsSampler","id":"clouds"},{"name":"CloudsDepthSampler","id":"clouds:depth"},{"name":"WeatherSampler","id":"weather"},{"name":"WeatherDepthSampler","id":"weather:depth"}]},{"name":"notch","intarget":"final","outtarget":"swap","auxtargets":[{"name":"DitherSampler","id":"dither","width":4,"height":4,"bilinear":false}]},{"name":"blit","intarget":"swap","outtarget":"minecraft:main"},{"name":"scan_pincushion","intarget":"minecraft:main","outtarget":"CRT"},{"name":"blit","intarget":"CRT","outtarget":"minecraft:main"}]}